username,status,timestamp,source_ip
lisa,success,2024-07-07 18:24:13,114.22.131.62
nina,success,2025-01-11 04:05:15,3.173.227.179
claire,success,2024-10-21 15:11:45,9.232.154.181
alice,success,2024-08-01 09:45:05,56.247.111.136
jim,failure,2025-03-01 12:57:23,108.170.62.3
lisa,success,2024-07-18 03:19:56,46.143.79.219
greg,success,2024-05-19 20:32:35,225.251.187.216
jim,failure,2024-09-25 22:43:53,164.21.217.233
greg,success,2024-05-26 03:31:04,75.130.99.153
dave,success,2025-01-08 19:51:52,96.194.16.81
tony,failure,2024-07-27 13:05:50,75.149.146.231
greg,failure,2024-07-07 10:33:37,159.10.18.160
dave,failure,2025-03-18 21:39:01,84.188.214.206
alice,success,2024-09-25 11:47:38,161.217.78.160
greg,success,2025-01-21 18:25:24,212.49.188.103
alice,success,2025-03-12 15:29:26,23.57.55.16
nina,success,2024-08-24 07:19:05,167.55.204.76
lisa,success,2024-06-22 21:23:07,191.202.46.138
nina,success,2025-04-04 08:21:51,77.112.214.223
claire,success,2025-03-01 12:38:52,48.116.255.236
alice,failure,2024-09-30 05:17:41,31.217.59.130
dave,failure,2024-08-19 02:13:29,219.41.83.194
tony,success,2025-04-20 09:13:57,215.160.193.8
greg,success,2024-05-11 04:16:48,44.39.118.209
bob,failure,2024-08-18 21:19:25,109.131.53.158
greg,success,2024-11-10 16:07:03,194.243.10.245
lisa,success,2024-12-11 23:14:23,66.242.55.235
jim,success,2024-11-06 04:35:13,175.176.227.109
claire,success,2024-12-18 07:23:32,207.128.146.86
lisa,failure,2024-12-31 15:06:15,47.90.88.248
bob,success,2025-01-01 06:20:11,28.44.135.10
bob,success,2025-04-21 19:14:00,210.108.115.65
jim,success,2024-08-25 07:42:44,133.130.119.117
dave,success,2025-04-30 00:47:42,115.173.140.220
nina,success,2025-04-15 18:29:04,105.82.55.209
greg,failure,2025-01-31 05:28:13,123.218.221.118
tony,success,2024-12-12 03:09:13,152.174.61.69
lisa,success,2024-10-20 18:16:17,74.139.65.219
lisa,success,2024-12-12 17:37:00,49.219.100.38
bob,success,2024-07-26 06:16:17,28.26.190.231
tony,success,2024-08-15 04:35:41,67.205.212.228
steve,success,2024-11-29 14:47:01,47.161.78.92
nina,success,2025-01-05 12:49:59,16.146.185.127
claire,failure,2025-01-27 19:46:30,20.149.225.122
steve,success,2024-05-30 07:53:51,33.12.3.181
lisa,failure,2024-07-19 23:40:07,84.253.226.162
steve,failure,2024-12-23 06:40:25,200.179.79.226
bob,success,2024-10-06 15:54:03,133.2.21.15
alice,success,2024-10-02 08:27:38,219.103.83.151
greg,success,2024-12-28 08:15:56,133.14.251.198
lisa,failure,2024-11-26 07:34:03,233.255.102.176
alice,success,2024-12-08 03:54:59,191.171.170.74
alice,success,2024-12-01 15:37:02,112.183.210.133
nina,success,2024-12-10 22:53:05,185.141.155.78
greg,failure,2025-02-17 13:18:08,141.188.44.44
bob,failure,2024-11-29 05:52:31,245.12.205.147
steve,failure,2024-05-18 18:45:25,243.114.83.24
steve,success,2025-01-09 00:15:37,241.27.179.102
tony,success,2024-07-20 04:38:39,225.37.131.45
steve,success,2025-04-05 14:14:01,97.48.92.209
jim,success,2024-12-04 11:41:13,198.10.34.32
greg,success,2024-08-22 16:49:40,56.140.100.137
greg,failure,2024-08-10 13:36:58,243.91.17.47
greg,success,2024-06-25 07:16:45,144.145.204.250
lisa,success,2025-01-13 07:30:36,106.216.113.163
claire,success,2024-11-10 02:04:14,9.57.144.107
dave,success,2025-01-14 05:18:50,225.175.55.215
bob,success,2024-08-15 02:00:29,5.77.177.238
jim,success,2024-05-30 09:00:18,25.162.18.193
bob,success,2024-06-23 16:30:28,228.251.115.91
tony,success,2025-01-07 09:11:06,206.171.48.59
tony,success,2024-11-28 01:03:07,196.217.54.94
steve,failure,2024-06-07 21:26:31,6.19.131.244
tony,success,2024-07-26 02:16:36,219.61.2.151
jim,failure,2025-04-22 14:19:43,33.247.7.34
greg,failure,2024-05-09 18:03:55,64.71.193.102
jim,success,2024-09-28 10:18:24,41.76.87.182
lisa,success,2024-11-15 16:51:37,93.174.231.234
dave,success,2024-06-06 10:04:37,69.209.45.112
greg,success,2025-04-26 22:25:29,237.247.188.246
tony,failure,2024-06-15 12:56:56,163.112.113.30
nina,success,2024-11-24 15:26:52,127.238.231.178
claire,success,2024-08-20 08:51:53,86.54.26.143
alice,success,2024-10-20 20:31:46,93.122.196.178
nina,success,2024-07-04 13:44:41,167.55.117.139
dave,success,2024-05-06 20:51:19,96.124.114.27
dave,success,2024-05-22 09:09:42,231.149.4.196
alice,success,2024-11-14 01:23:01,23.66.100.29
jim,failure,2024-12-22 15:34:50,71.127.1.104
nina,failure,2025-02-02 04:24:44,149.130.108.26
alice,success,2024-12-12 21:31:15,197.43.204.20
alice,success,2024-09-25 21:52:43,175.228.72.47
lisa,success,2025-01-23 06:37:56,195.245.108.35
steve,failure,2025-01-07 13:39:51,229.166.120.43
steve,failure,2024-10-23 00:40:32,0.233.7.254
dave,success,2025-04-30 19:34:54,253.51.37.187
jim,failure,2024-11-19 11:30:31,201.58.141.119
claire,success,2024-10-22 07:50:06,17.151.140.10
jim,success,2025-02-17 22:08:40,42.70.57.168
claire,success,2024-07-21 14:52:49,162.195.202.82
alice,success,2024-06-05 05:46:14,57.240.221.58
bob,success,2024-05-26 12:42:59,195.137.133.195
jim,success,2024-10-15 08:44:26,109.191.83.218
greg,success,2024-11-15 03:31:31,68.146.216.32
dave,success,2024-05-02 11:25:30,24.55.212.191
alice,success,2025-03-31 19:42:56,116.105.58.62
steve,success,2025-04-01 02:34:29,236.205.69.55
jim,success,2024-10-21 10:20:07,200.32.129.141
tony,failure,2025-02-23 00:02:33,102.156.187.4
dave,success,2024-12-03 04:35:13,235.55.188.200
greg,success,2025-02-20 16:01:14,60.59.227.75
dave,success,2024-11-29 00:15:25,25.180.158.96
steve,success,2024-06-19 18:25:47,114.174.249.253
greg,success,2025-02-15 12:52:40,193.99.185.115
tony,success,2024-09-06 20:58:22,28.177.58.93
greg,failure,2024-11-22 04:13:29,75.81.175.207
alice,success,2024-09-16 08:17:18,0.244.101.117
jim,success,2024-11-14 11:32:06,243.98.160.127
nina,success,2024-06-12 05:59:42,109.253.233.164
steve,failure,2024-06-27 14:14:19,19.235.8.56
jim,success,2025-03-26 03:16:07,188.124.245.185
tony,failure,2024-08-25 04:47:24,37.12.13.229
dave,failure,2024-08-12 21:03:56,201.108.64.39
bob,success,2024-06-03 08:15:11,98.187.39.245
jim,success,2024-12-29 17:16:58,162.191.86.141
greg,failure,2025-01-16 05:21:21,198.189.109.23
tony,success,2025-03-11 06:50:29,127.231.235.71
dave,failure,2025-04-06 07:40:32,188.197.118.220
lisa,success,2024-08-03 17:59:13,75.224.73.236
greg,success,2024-05-22 01:00:09,210.112.48.125
jim,failure,2024-08-04 00:25:16,178.242.167.24
lisa,failure,2025-04-13 00:14:58,21.208.102.226
alice,success,2024-06-13 11:42:10,68.200.183.54
steve,success,2024-12-09 16:39:18,23.70.127.34
lisa,failure,2024-07-28 08:37:01,130.186.27.171
greg,success,2025-02-14 00:30:48,33.98.84.8
steve,success,2024-06-01 08:01:01,10.96.227.50
lisa,success,2024-12-11 14:32:50,178.141.39.209
tony,success,2025-04-06 13:02:37,163.71.147.23
lisa,success,2024-06-25 20:13:10,158.33.223.32
bob,failure,2025-03-02 22:48:10,204.13.106.244
tony,success,2025-04-03 06:14:54,78.61.81.209
dave,failure,2025-03-02 03:58:26,159.173.192.218
jim,failure,2025-01-14 07:06:15,205.185.246.160
jim,success,2024-12-27 16:20:25,253.193.144.86
greg,success,2025-04-08 09:48:30,108.101.108.234
tony,success,2025-02-28 17:51:12,84.177.89.230
lisa,success,2025-02-09 12:53:55,130.149.142.91
steve,failure,2024-10-08 08:26:57,184.153.163.26
nina,success,2024-10-15 04:36:22,175.184.242.180
dave,success,2024-07-17 22:07:10,88.129.253.122
bob,success,2024-09-01 07:39:18,202.39.163.81
claire,failure,2024-09-26 03:38:03,109.161.126.166
tony,success,2024-05-31 01:57:07,22.107.182.35
lisa,success,2024-08-02 08:14:14,81.16.192.221
jim,success,2024-08-11 18:02:20,120.144.67.163
claire,success,2025-02-27 11:32:09,234.57.154.86
steve,failure,2024-05-22 12:20:09,36.151.232.115
steve,success,2025-02-16 03:21:18,118.212.236.116
dave,failure,2024-11-05 18:14:54,228.206.77.170
tony,success,2024-06-02 02:04:37,3.122.120.42
alice,success,2024-09-11 21:39:31,110.130.197.114
jim,success,2024-11-26 11:48:36,90.250.43.70
nina,failure,2025-03-28 14:07:00,190.236.200.114
tony,success,2025-03-11 01:06:12,223.202.140.131
nina,success,2024-11-18 23:05:38,152.243.154.96
lisa,success,2024-07-20 00:46:39,248.2.75.96
tony,success,2024-12-08 09:33:35,1.113.240.188
bob,success,2024-09-13 18:39:42,92.187.12.2
jim,success,2025-04-04 17:12:47,19.100.101.241
lisa,success,2024-06-08 07:02:51,131.107.242.78
dave,failure,2024-08-31 09:14:16,179.84.29.150
steve,success,2025-03-05 09:14:24,33.61.255.156
claire,success,2024-07-13 21:09:26,98.219.24.216
jim,failure,2025-03-29 21:39:06,23.209.36.202
tony,success,2024-05-03 11:59:44,71.102.81.141
jim,success,2025-02-03 17:48:27,166.174.106.71
steve,failure,2025-03-06 19:09:07,62.245.202.169
tony,success,2024-12-08 23:32:41,213.70.210.206
nina,success,2024-10-08 10:30:27,250.236.218.198
steve,success,2024-12-17 12:39:09,230.185.158.53
alice,success,2024-10-24 15:50:27,176.73.220.50
alice,success,2025-04-12 08:03:58,233.10.106.197
claire,success,2025-03-02 11:30:32,0.66.21.125
bob,success,2024-10-10 22:07:38,127.134.154.215
nina,success,2024-05-04 01:49:58,236.249.88.225
jim,success,2025-04-08 04:55:11,108.69.67.37
claire,success,2024-09-06 12:41:28,135.242.49.81
steve,success,2025-02-06 18:10:33,179.194.115.9
alice,failure,2024-05-25 13:19:04,113.11.182.103
jim,success,2025-02-06 10:13:35,60.145.201.91
steve,success,2024-07-15 03:57:02,215.36.156.201
steve,success,2024-11-23 22:27:50,151.61.245.144
steve,success,2024-12-28 01:31:40,237.241.39.190
steve,success,2024-05-20 21:30:55,130.152.81.207
bob,failure,2025-02-09 17:11:47,200.234.220.57
bob,success,2024-12-04 18:50:57,45.105.106.92
nina,success,2024-07-31 06:29:58,3.105.149.1
greg,success,2024-08-31 13:06:08,63.52.196.226
lisa,success,2024-05-17 15:39:38,179.249.139.146

